<?xml version="1.0" encoding="UTF-8"?>
<java version="16.0.1" class="java.beans.XMLDecoder">
 <object class="org.eclipse.epp.internal.mpc.ui.catalog.MarketplaceInfo" id="MarketplaceInfo0">
  <void property="iuToNodeKey">
   <void method="put">
    <string>org.eclipse.tracecompass.tmf.cli</string>
    <object class="java.util.ArrayList">
     <void method="add">
      <string>https://marketplace.eclipse.org#2780381</string>
     </void>
    </object>
   </void>
   <void method="put">
    <string>org.eclipse.tracecompass.btf</string>
    <object class="java.util.ArrayList">
     <void method="add">
      <string>https://marketplace.eclipse.org#2780381</string>
     </void>
    </object>
   </void>
   <void method="put">
    <string>org.apache.directory.studio.ldifeditor.feature</string>
    <object class="java.util.ArrayList">
     <void method="add">
      <string>https://marketplace.eclipse.org#319</string>
     </void>
    </object>
   </void>
   <void method="put">
    <string>org.eclipse.tracecompass.lttng2.kernel</string>
    <object class="java.util.ArrayList">
     <void method="add">
      <string>https://marketplace.eclipse.org#2780381</string>
     </void>
    </object>
   </void>
   <void method="put">
    <string>org.eclipse.sirius.aql</string>
    <object class="java.util.ArrayList">
     <void method="add">
      <string>https://marketplace.eclipse.org#1318261</string>
     </void>
    </object>
   </void>
   <void method="put">
    <string>org.eclipse.wst.xml_ui.feature</string>
    <object class="java.util.ArrayList">
     <void method="add">
      <string>https://marketplace.eclipse.org#2963400</string>
     </void>
    </object>
   </void>
   <void method="put">
    <string>com.mulgasoft.emacsplus.feature.feature.group</string>
    <object class="java.util.ArrayList">
     <void method="add">
      <string>https://marketplace.eclipse.org#886</string>
     </void>
    </object>
   </void>
   <void method="put">
    <string>org.eclipse.wst.web_ui.feature</string>
    <object class="java.util.ArrayList">
     <void method="add">
      <string>https://marketplace.eclipse.org#2963400</string>
     </void>
    </object>
   </void>
   <void method="put">
    <string>org.eclipse.egit</string>
    <object class="java.util.ArrayList">
     <void method="add">
      <string>https://marketplace.eclipse.org#2963400</string>
     </void>
    </object>
   </void>
   <void method="put">
    <string>com.mulgasoft.emacsplus.maccmd.feature</string>
    <object class="java.util.ArrayList">
     <void method="add">
      <string>https://marketplace.eclipse.org#886</string>
     </void>
    </object>
   </void>
   <void method="put">
    <string>org.eclipse.wst.web_js_support.feature</string>
    <object class="java.util.ArrayList">
     <void method="add">
      <string>https://marketplace.eclipse.org#2963400</string>
     </void>
    </object>
   </void>
   <void method="put">
    <string>org.eclipse.sirius.runtime.ide.xtext</string>
    <object class="java.util.ArrayList">
     <void method="add">
      <string>https://marketplace.eclipse.org#1318261</string>
     </void>
    </object>
   </void>
   <void method="put">
    <string>com.ddlab.pathxplorer.feature</string>
    <object class="java.util.ArrayList">
     <void method="add">
      <string>https://marketplace.eclipse.org#5186506</string>
     </void>
    </object>
   </void>
   <void method="put">
    <string>org.eclipse.wb.core.feature.feature.group</string>
    <object class="java.util.ArrayList">
     <void method="add">
      <string>https://marketplace.eclipse.org#4961416</string>
     </void>
     <void method="add">
      <string>https://marketplace.eclipse.org#3085446</string>
     </void>
    </object>
   </void>
   <void method="put">
    <string>org.eclipse.wb.core.xml.feature.feature.group</string>
    <object class="java.util.ArrayList">
     <void method="add">
      <string>https://marketplace.eclipse.org#4961416</string>
     </void>
    </object>
   </void>
   <void method="put">
    <string>com.mulgasoft.emacsplus.maccmd.optional.features</string>
    <object class="java.util.ArrayList">
     <void method="add">
      <string>https://marketplace.eclipse.org#886</string>
     </void>
    </object>
   </void>
   <void method="put">
    <string>com.jaspersoft.studio.feature</string>
    <object class="java.util.ArrayList">
     <void method="add">
      <string>https://marketplace.eclipse.org#8068</string>
     </void>
    </object>
   </void>
   <void method="put">
    <string>CodenameOneFeature</string>
    <object class="java.util.ArrayList">
     <void method="add">
      <string>https://marketplace.eclipse.org#431465</string>
     </void>
    </object>
   </void>
   <void method="put">
    <string>org.eclipse.sirius.properties.feature</string>
    <object class="java.util.ArrayList">
     <void method="add">
      <string>https://marketplace.eclipse.org#1318261</string>
     </void>
    </object>
   </void>
   <void method="put">
    <string>org.eclipse.wb.layout.group.feature.feature.group</string>
    <object class="java.util.ArrayList">
     <void method="add">
      <string>https://marketplace.eclipse.org#4961416</string>
     </void>
     <void method="add">
      <string>https://marketplace.eclipse.org#3085446</string>
     </void>
    </object>
   </void>
   <void method="put">
    <string>org.eclipse.wb.swing.feature.feature.group</string>
    <object class="java.util.ArrayList">
     <void method="add">
      <string>https://marketplace.eclipse.org#4961416</string>
     </void>
     <void method="add">
      <string>https://marketplace.eclipse.org#3085446</string>
     </void>
    </object>
   </void>
   <void method="put">
    <string>org.eclipse.wb.rcp.SWT_AWT_support.feature.group</string>
    <object class="java.util.ArrayList">
     <void method="add">
      <string>https://marketplace.eclipse.org#4961416</string>
     </void>
     <void method="add">
      <string>https://marketplace.eclipse.org#3085446</string>
     </void>
    </object>
   </void>
   <void method="put">
    <string>org.eclipse.wst.json_ui.feature</string>
    <object class="java.util.ArrayList">
     <void method="add">
      <string>https://marketplace.eclipse.org#2963400</string>
     </void>
    </object>
   </void>
   <void method="put">
    <string>org.apache.directory.studio.schemaeditor.feature</string>
    <object class="java.util.ArrayList">
     <void method="add">
      <string>https://marketplace.eclipse.org#319</string>
     </void>
    </object>
   </void>
   <void method="put">
    <string>org.eclipse.payara.tools</string>
    <object class="java.util.ArrayList">
     <void method="add">
      <string>https://marketplace.eclipse.org#4014208</string>
     </void>
    </object>
   </void>
   <void method="put">
    <string>org.eclipse.wb.swing.doc.user.feature.feature.group</string>
    <object class="java.util.ArrayList">
     <void method="add">
      <string>https://marketplace.eclipse.org#4961416</string>
     </void>
     <void method="add">
      <string>https://marketplace.eclipse.org#3085446</string>
     </void>
    </object>
   </void>
   <void method="put">
    <string>org.eclipse.wb.core.ui.feature.feature.group</string>
    <object class="java.util.ArrayList">
     <void method="add">
      <string>https://marketplace.eclipse.org#4961416</string>
     </void>
     <void method="add">
      <string>https://marketplace.eclipse.org#3085446</string>
     </void>
    </object>
   </void>
   <void method="put">
    <string>org.eclipse.wildwebdeveloper.feature</string>
    <object class="java.util.ArrayList">
     <void method="add">
      <string>https://marketplace.eclipse.org#2963400</string>
     </void>
    </object>
   </void>
   <void method="put">
    <string>org.apache.directory.studio.ldapbrowser.feature</string>
    <object class="java.util.ArrayList">
     <void method="add">
      <string>https://marketplace.eclipse.org#319</string>
     </void>
    </object>
   </void>
   <void method="put">
    <string>org.apache.directory.studio.apacheds.feature</string>
    <object class="java.util.ArrayList">
     <void method="add">
      <string>https://marketplace.eclipse.org#319</string>
     </void>
    </object>
   </void>
   <void method="put">
    <string>com.github.culmat.eexplorer.feature</string>
    <object class="java.util.ArrayList">
     <void method="add">
      <string>https://marketplace.eclipse.org#1629575</string>
     </void>
    </object>
   </void>
   <void method="put">
    <string>com.mulgasoft.emacsplus.optional.features</string>
    <object class="java.util.ArrayList">
     <void method="add">
      <string>https://marketplace.eclipse.org#886</string>
     </void>
    </object>
   </void>
   <void method="put">
    <string>org.eclipse.wb.rcp.doc.user.feature.feature.group</string>
    <object class="java.util.ArrayList">
     <void method="add">
      <string>https://marketplace.eclipse.org#4961416</string>
     </void>
     <void method="add">
      <string>https://marketplace.eclipse.org#3085446</string>
     </void>
    </object>
   </void>
   <void method="put">
    <string>org.eclipse.sirius.diagram.elk.feature</string>
    <object class="java.util.ArrayList">
     <void method="add">
      <string>https://marketplace.eclipse.org#1318261</string>
     </void>
    </object>
   </void>
   <void method="put">
    <string>org.eclipse.wst.server_adapters.feature</string>
    <object class="java.util.ArrayList">
     <void method="add">
      <string>https://marketplace.eclipse.org#2963400</string>
     </void>
    </object>
   </void>
   <void method="put">
    <string>de.agilantis.open_with_eclipse.feature</string>
    <object class="java.util.ArrayList">
     <void method="add">
      <string>https://marketplace.eclipse.org#1202</string>
     </void>
    </object>
   </void>
   <void method="put">
    <string>org.eclipse.tracecompass.gdbtrace</string>
    <object class="java.util.ArrayList">
     <void method="add">
      <string>https://marketplace.eclipse.org#2780381</string>
     </void>
    </object>
   </void>
   <void method="put">
    <string>bndtools.main.feature</string>
    <object class="java.util.ArrayList">
     <void method="add">
      <string>https://marketplace.eclipse.org#1220</string>
     </void>
    </object>
   </void>
   <void method="put">
    <string>com.daimler.sechub.feature</string>
    <object class="java.util.ArrayList">
     <void method="add">
      <string>https://marketplace.eclipse.org#5245585</string>
     </void>
    </object>
   </void>
   <void method="put">
    <string>org.eclipse.wildwebdeveloper.embedder.node.feature</string>
    <object class="java.util.ArrayList">
     <void method="add">
      <string>https://marketplace.eclipse.org#2963400</string>
     </void>
    </object>
   </void>
   <void method="put">
    <string>org.eclipse.wb.rcp.feature.feature.group</string>
    <object class="java.util.ArrayList">
     <void method="add">
      <string>https://marketplace.eclipse.org#4961416</string>
     </void>
     <void method="add">
      <string>https://marketplace.eclipse.org#3085446</string>
     </void>
    </object>
   </void>
   <void method="put">
    <string>org.eclipse.wb.xwt.feature.feature.group</string>
    <object class="java.util.ArrayList">
     <void method="add">
      <string>https://marketplace.eclipse.org#4961416</string>
     </void>
    </object>
   </void>
   <void method="put">
    <string>org.eclipse.wb.core.java.feature.feature.group</string>
    <object class="java.util.ArrayList">
     <void method="add">
      <string>https://marketplace.eclipse.org#4961416</string>
     </void>
     <void method="add">
      <string>https://marketplace.eclipse.org#3085446</string>
     </void>
    </object>
   </void>
   <void method="put">
    <string>org.eclipse.sirius.specifier</string>
    <object class="java.util.ArrayList">
     <void method="add">
      <string>https://marketplace.eclipse.org#1318261</string>
     </void>
    </object>
   </void>
   <void method="put">
    <string>org.eclipse.wb.doc.user.feature.feature.group</string>
    <object class="java.util.ArrayList">
     <void method="add">
      <string>https://marketplace.eclipse.org#4961416</string>
     </void>
     <void method="add">
      <string>https://marketplace.eclipse.org#3085446</string>
     </void>
    </object>
   </void>
   <void method="put">
    <string>bndtools.m2e.feature</string>
    <object class="java.util.ArrayList">
     <void method="add">
      <string>https://marketplace.eclipse.org#1220</string>
     </void>
    </object>
   </void>
   <void method="put">
    <string>org.eclipse.sirius.sample</string>
    <object class="java.util.ArrayList">
     <void method="add">
      <string>https://marketplace.eclipse.org#1318261</string>
     </void>
    </object>
   </void>
   <void method="put">
    <string>org.eclipse.tips.feature</string>
    <object class="java.util.ArrayList">
     <void method="add">
      <string>https://marketplace.eclipse.org#2963400</string>
     </void>
    </object>
   </void>
   <void method="put">
    <string>org.eclipse.wb.swt.feature.feature.group</string>
    <object class="java.util.ArrayList">
     <void method="add">
      <string>https://marketplace.eclipse.org#4961416</string>
     </void>
     <void method="add">
      <string>https://marketplace.eclipse.org#3085446</string>
     </void>
    </object>
   </void>
   <void method="put">
    <string>org.eclipse.tracecompass.tmf.pcap</string>
    <object class="java.util.ArrayList">
     <void method="add">
      <string>https://marketplace.eclipse.org#2780381</string>
     </void>
    </object>
   </void>
   <void method="put">
    <string>org.eclipse.wst.xsl.feature</string>
    <object class="java.util.ArrayList">
     <void method="add">
      <string>https://marketplace.eclipse.org#2963400</string>
     </void>
    </object>
   </void>
   <void method="put">
    <string>com.xliic.openapi</string>
    <object class="java.util.ArrayList">
     <void method="add">
      <string>https://marketplace.eclipse.org#5293076</string>
     </void>
    </object>
   </void>
   <void method="put">
    <string>org.eclipse.cdt.launch.remote.direct</string>
    <object class="java.util.ArrayList">
     <void method="add">
      <string>https://marketplace.eclipse.org#2378012</string>
     </void>
    </object>
   </void>
   <void method="put">
    <string>org.eclipse.tracecompass.lttng2.ust</string>
    <object class="java.util.ArrayList">
     <void method="add">
      <string>https://marketplace.eclipse.org#2780381</string>
     </void>
    </object>
   </void>
   <void method="put">
    <string>org.eclipse.tm.terminal.feature</string>
    <object class="java.util.ArrayList">
     <void method="add">
      <string>https://marketplace.eclipse.org#2963400</string>
     </void>
    </object>
   </void>
   <void method="put">
    <string>org.eclipse.wst.server_ui.feature</string>
    <object class="java.util.ArrayList">
     <void method="add">
      <string>https://marketplace.eclipse.org#2963400</string>
     </void>
    </object>
   </void>
   <void method="put">
    <string>net.jumperz.app.MMonjaDB</string>
    <object class="java.util.ArrayList">
     <void method="add">
      <string>https://marketplace.eclipse.org#1257593</string>
     </void>
    </object>
   </void>
   <void method="put">
    <string>AngularDevToolFeature</string>
    <object class="java.util.ArrayList">
     <void method="add">
      <string>https://marketplace.eclipse.org#4663327</string>
     </void>
    </object>
   </void>
   <void method="put">
    <string>HandySplit</string>
    <object class="java.util.ArrayList">
     <void method="add">
      <string>https://marketplace.eclipse.org#1181952</string>
     </void>
    </object>
   </void>
   <void method="put">
    <string>bndtools.pde.feature</string>
    <object class="java.util.ArrayList">
     <void method="add">
      <string>https://marketplace.eclipse.org#1220</string>
     </void>
    </object>
   </void>
  </void>
  <void property="nodeKeyToIU">
   <void method="put">
    <string>https://marketplace.eclipse.org#5293076</string>
    <object class="java.util.ArrayList">
     <void method="add">
      <string>com.xliic.openapi</string>
     </void>
    </object>
   </void>
   <void method="put">
    <string>https://marketplace.eclipse.org#4961416</string>
    <object class="java.util.ArrayList">
     <void method="add">
      <string>org.eclipse.wb.swing.feature.feature.group</string>
     </void>
     <void method="add">
      <string>org.eclipse.wb.swing.doc.user.feature.feature.group</string>
     </void>
     <void method="add">
      <string>org.eclipse.wb.rcp.feature.feature.group</string>
     </void>
     <void method="add">
      <string>org.eclipse.wb.swt.feature.feature.group</string>
     </void>
     <void method="add">
      <string>org.eclipse.wb.rcp.doc.user.feature.feature.group</string>
     </void>
     <void method="add">
      <string>org.eclipse.wb.rcp.SWT_AWT_support.feature.group</string>
     </void>
     <void method="add">
      <string>org.eclipse.wb.xwt.feature.feature.group</string>
     </void>
     <void method="add">
      <string>org.eclipse.wb.core.feature.feature.group</string>
     </void>
     <void method="add">
      <string>org.eclipse.wb.doc.user.feature.feature.group</string>
     </void>
     <void method="add">
      <string>org.eclipse.wb.core.ui.feature.feature.group</string>
     </void>
     <void method="add">
      <string>org.eclipse.wb.layout.group.feature.feature.group</string>
     </void>
     <void method="add">
      <string>org.eclipse.wb.core.java.feature.feature.group</string>
     </void>
     <void method="add">
      <string>org.eclipse.wb.core.xml.feature.feature.group</string>
     </void>
    </object>
   </void>
   <void method="put">
    <string>https://marketplace.eclipse.org#1318261</string>
    <object class="java.util.ArrayList">
     <void method="add">
      <string>org.eclipse.sirius.specifier</string>
     </void>
     <void method="add">
      <string>org.eclipse.sirius.aql</string>
     </void>
     <void method="add">
      <string>org.eclipse.sirius.properties.feature</string>
     </void>
     <void method="add">
      <string>org.eclipse.sirius.sample</string>
     </void>
     <void method="add">
      <string>org.eclipse.sirius.runtime.ide.xtext</string>
     </void>
     <void method="add">
      <string>org.eclipse.sirius.diagram.elk.feature</string>
     </void>
    </object>
   </void>
   <void method="put">
    <string>https://marketplace.eclipse.org#4663327</string>
    <object class="java.util.ArrayList">
     <void method="add">
      <string>AngularDevToolFeature</string>
     </void>
    </object>
   </void>
   <void method="put">
    <string>https://marketplace.eclipse.org#8068</string>
    <object class="java.util.ArrayList">
     <void method="add">
      <string>com.jaspersoft.studio.feature</string>
     </void>
    </object>
   </void>
   <void method="put">
    <string>https://marketplace.eclipse.org#431465</string>
    <object class="java.util.ArrayList">
     <void method="add">
      <string>CodenameOneFeature</string>
     </void>
    </object>
   </void>
   <void method="put">
    <string>https://marketplace.eclipse.org#1257593</string>
    <object class="java.util.ArrayList">
     <void method="add">
      <string>net.jumperz.app.MMonjaDB</string>
     </void>
    </object>
   </void>
   <void method="put">
    <string>https://marketplace.eclipse.org#5245585</string>
    <object class="java.util.ArrayList">
     <void method="add">
      <string>com.daimler.sechub.feature</string>
     </void>
    </object>
   </void>
   <void method="put">
    <string>https://marketplace.eclipse.org#1181952</string>
    <object class="java.util.ArrayList">
     <void method="add">
      <string>HandySplit</string>
     </void>
    </object>
   </void>
   <void method="put">
    <string>https://marketplace.eclipse.org#886</string>
    <object class="java.util.ArrayList">
     <void method="add">
      <string>com.mulgasoft.emacsplus.feature.feature.group</string>
     </void>
     <void method="add">
      <string>com.mulgasoft.emacsplus.optional.features</string>
     </void>
     <void method="add">
      <string>com.mulgasoft.emacsplus.maccmd.feature</string>
     </void>
     <void method="add">
      <string>com.mulgasoft.emacsplus.maccmd.optional.features</string>
     </void>
    </object>
   </void>
   <void method="put">
    <string>https://marketplace.eclipse.org#2963400</string>
    <object class="java.util.ArrayList">
     <void method="add">
      <string>org.eclipse.wst.web_ui.feature</string>
     </void>
     <void method="add">
      <string>org.eclipse.wst.web_js_support.feature</string>
     </void>
     <void method="add">
      <string>org.eclipse.wst.xml_ui.feature</string>
     </void>
     <void method="add">
      <string>org.eclipse.wst.xsl.feature</string>
     </void>
     <void method="add">
      <string>org.eclipse.wildwebdeveloper.feature</string>
     </void>
     <void method="add">
      <string>org.eclipse.wildwebdeveloper.embedder.node.feature</string>
     </void>
     <void method="add">
      <string>org.eclipse.wst.server_ui.feature</string>
     </void>
     <void method="add">
      <string>org.eclipse.wst.server_adapters.feature</string>
     </void>
     <void method="add">
      <string>org.eclipse.tm.terminal.feature</string>
     </void>
     <void method="add">
      <string>org.eclipse.tips.feature</string>
     </void>
     <void method="add">
      <string>org.eclipse.egit</string>
     </void>
     <void method="add">
      <string>org.eclipse.wst.json_ui.feature</string>
     </void>
    </object>
   </void>
   <void method="put">
    <string>https://marketplace.eclipse.org#2780381</string>
    <object class="java.util.ArrayList">
     <void method="add">
      <string>org.eclipse.tracecompass.lttng2.kernel</string>
     </void>
     <void method="add">
      <string>org.eclipse.tracecompass.lttng2.ust</string>
     </void>
     <void method="add">
      <string>org.eclipse.tracecompass.gdbtrace</string>
     </void>
     <void method="add">
      <string>org.eclipse.tracecompass.tmf.pcap</string>
     </void>
     <void method="add">
      <string>org.eclipse.tracecompass.tmf.cli</string>
     </void>
     <void method="add">
      <string>org.eclipse.tracecompass.btf</string>
     </void>
    </object>
   </void>
   <void method="put">
    <string>https://marketplace.eclipse.org#1202</string>
    <object class="java.util.ArrayList">
     <void method="add">
      <string>de.agilantis.open_with_eclipse.feature</string>
     </void>
    </object>
   </void>
   <void method="put">
    <string>https://marketplace.eclipse.org#1629575</string>
    <object class="java.util.ArrayList">
     <void method="add">
      <string>com.github.culmat.eexplorer.feature</string>
     </void>
    </object>
   </void>
   <void method="put">
    <string>https://marketplace.eclipse.org#319</string>
    <object class="java.util.ArrayList">
     <void method="add">
      <string>org.apache.directory.studio.ldapbrowser.feature</string>
     </void>
     <void method="add">
      <string>org.apache.directory.studio.ldifeditor.feature</string>
     </void>
     <void method="add">
      <string>org.apache.directory.studio.schemaeditor.feature</string>
     </void>
     <void method="add">
      <string>org.apache.directory.studio.apacheds.feature</string>
     </void>
    </object>
   </void>
   <void method="put">
    <string>https://marketplace.eclipse.org#5186506</string>
    <object class="java.util.ArrayList">
     <void method="add">
      <string>com.ddlab.pathxplorer.feature</string>
     </void>
    </object>
   </void>
   <void method="put">
    <string>https://marketplace.eclipse.org#3085446</string>
    <object class="java.util.ArrayList">
     <void method="add">
      <string>org.eclipse.wb.swing.feature.feature.group</string>
     </void>
     <void method="add">
      <string>org.eclipse.wb.swing.doc.user.feature.feature.group</string>
     </void>
     <void method="add">
      <string>org.eclipse.wb.rcp.feature.feature.group</string>
     </void>
     <void method="add">
      <string>org.eclipse.wb.swt.feature.feature.group</string>
     </void>
     <void method="add">
      <string>org.eclipse.wb.rcp.doc.user.feature.feature.group</string>
     </void>
     <void method="add">
      <string>org.eclipse.wb.rcp.SWT_AWT_support.feature.group</string>
     </void>
     <void method="add">
      <string>org.eclipse.wb.core.feature.feature.group</string>
     </void>
     <void method="add">
      <string>org.eclipse.wb.doc.user.feature.feature.group</string>
     </void>
     <void method="add">
      <string>org.eclipse.wb.core.ui.feature.feature.group</string>
     </void>
     <void method="add">
      <string>org.eclipse.wb.layout.group.feature.feature.group</string>
     </void>
     <void method="add">
      <string>org.eclipse.wb.core.java.feature.feature.group</string>
     </void>
    </object>
   </void>
   <void method="put">
    <string>https://marketplace.eclipse.org#1220</string>
    <object class="java.util.ArrayList">
     <void method="add">
      <string>bndtools.main.feature</string>
     </void>
     <void method="add">
      <string>bndtools.m2e.feature</string>
     </void>
     <void method="add">
      <string>bndtools.pde.feature</string>
     </void>
    </object>
   </void>
   <void method="put">
    <string>https://marketplace.eclipse.org#4014208</string>
    <object class="java.util.ArrayList">
     <void method="add">
      <string>org.eclipse.payara.tools</string>
     </void>
    </object>
   </void>
   <void method="put">
    <string>https://marketplace.eclipse.org#2378012</string>
    <object class="java.util.ArrayList">
     <void method="add">
      <string>org.eclipse.cdt.launch.remote.direct</string>
     </void>
    </object>
   </void>
  </void>
 </object>
</java>
